-- phpMyAdmin SQL Dump
-- version 5.0.2
-- https://www.phpmyadmin.net/
--
-- Host: 127.0.0.1:8111
-- Generation Time: Jun 02, 2021 at 03:07 PM
-- Server version: 10.4.14-MariaDB
-- PHP Version: 7.3.22

SET SQL_MODE = "NO_AUTO_VALUE_ON_ZERO";
START TRANSACTION;
SET time_zone = "+00:00";


/*!40101 SET @OLD_CHARACTER_SET_CLIENT=@@CHARACTER_SET_CLIENT */;
/*!40101 SET @OLD_CHARACTER_SET_RESULTS=@@CHARACTER_SET_RESULTS */;
/*!40101 SET @OLD_COLLATION_CONNECTION=@@COLLATION_CONNECTION */;
/*!40101 SET NAMES utf8mb4 */;

--
-- Database: `jobfitts`
--

-- --------------------------------------------------------

--
-- Table structure for table `clients`
--

CREATE TABLE `clients` (
  `id` bigint(20) UNSIGNED NOT NULL,
  `name` varchar(255) COLLATE utf8mb4_unicode_ci NOT NULL,
  `abn` varchar(11) COLLATE utf8mb4_unicode_ci NOT NULL,
  `address` varchar(255) COLLATE utf8mb4_unicode_ci NOT NULL,
  `url` varchar(255) COLLATE utf8mb4_unicode_ci NOT NULL,
  `contact_no` varchar(255) COLLATE utf8mb4_unicode_ci NOT NULL,
  `status` tinyint(4) NOT NULL DEFAULT 1,
  `created_at` timestamp NULL DEFAULT NULL,
  `updated_at` timestamp NULL DEFAULT NULL,
  `email` varchar(255) COLLATE utf8mb4_unicode_ci NOT NULL
) ENGINE=InnoDB DEFAULT CHARSET=utf8mb4 COLLATE=utf8mb4_unicode_ci;

--
-- Dumping data for table `clients`
--

INSERT INTO `clients` (`id`, `name`, `abn`, `address`, `url`, `contact_no`, `status`, `created_at`, `updated_at`, `email`) VALUES
(3, 'ABC company', '32834437593', 'George Street', 'https://jobfitts.com.au', '0451249110', 1, '2021-04-19 20:19:41', '2021-04-19 20:19:41', 'haha@hehe.com'),
(4, 'ABC company', '90103683776', 'George Street', 'https://jobfitts.com.au', '0451249110', 0, '2021-04-26 13:53:13', '2021-05-02 12:41:40', 'test@test.com'),
(5, 'Test client', '32834437593', 'U 6 , 83-87 Albert Street', 'https://v2.foober.com.au/', '0451249110', 1, '2021-05-02 03:57:37', '2021-05-02 12:41:23', 'ashish@gmail.com');

-- --------------------------------------------------------

--
-- Table structure for table `employees`
--

CREATE TABLE `employees` (
  `id` bigint(20) UNSIGNED NOT NULL,
  `name` varchar(255) COLLATE utf8mb4_unicode_ci NOT NULL,
  `phone_number` varchar(255) COLLATE utf8mb4_unicode_ci NOT NULL,
  `skill` text COLLATE utf8mb4_unicode_ci NOT NULL,
  `email` varchar(255) COLLATE utf8mb4_unicode_ci NOT NULL,
  `description` text COLLATE utf8mb4_unicode_ci NOT NULL,
  `address` varchar(255) COLLATE utf8mb4_unicode_ci NOT NULL,
  `base_rate` varchar(255) COLLATE utf8mb4_unicode_ci NOT NULL,
  `frequency` varchar(255) COLLATE utf8mb4_unicode_ci NOT NULL,
  `photo` varchar(255) COLLATE utf8mb4_unicode_ci NOT NULL,
  `license_number` varchar(255) COLLATE utf8mb4_unicode_ci NOT NULL,
  `status` tinyint(4) NOT NULL,
  `bsb_number` varchar(255) COLLATE utf8mb4_unicode_ci NOT NULL,
  `account_number` varchar(255) COLLATE utf8mb4_unicode_ci NOT NULL,
  `created_at` timestamp NULL DEFAULT NULL,
  `updated_at` timestamp NULL DEFAULT NULL
) ENGINE=InnoDB DEFAULT CHARSET=utf8mb4 COLLATE=utf8mb4_unicode_ci;

--
-- Dumping data for table `employees`
--

INSERT INTO `employees` (`id`, `name`, `phone_number`, `skill`, `email`, `description`, `address`, `base_rate`, `frequency`, `photo`, `license_number`, `status`, `bsb_number`, `account_number`, `created_at`, `updated_at`) VALUES
(1, 'Ashish Kafle', '0451249110', 'Programmer', 'ascc.2023@gmail.com', 'Programmer', 'U 11, 3 Normanby Road, Normanby Road', '13', 'hourly', '/images/1621581700.png', 'BLB-123', 1, '062-193', '12345678', '2021-05-20 21:21:40', '2021-05-20 21:21:40'),
(2, 'KUsh sas', '0451249110', 'Claning', 'ashishkafle101@yahoo.com.aua', 'hshash', 'U 6 , 83-87 Albert Street', '30', 'hourly', '/images/1621581729.png', 'BLB-123', 1, '062-193', '12345678', '2021-05-20 21:22:09', '2021-05-20 21:22:09'),
(3, 'Gaurab Kun', '0451249110', 'Coding', 'gk@gmail.com', 'jjj', 'U 11, 3 Normanby Road, Normanby Road', '11', 'hourly', '/images/1621591682.png', 'BLB-123', 1, '062-193', '12345678', '2021-05-21 00:08:02', '2021-05-21 00:08:02');

-- --------------------------------------------------------

--
-- Table structure for table `employees_avaibilities`
--

CREATE TABLE `employees_avaibilities` (
  `id` bigint(20) UNSIGNED NOT NULL,
  `employee_id` bigint(20) UNSIGNED NOT NULL,
  `availability_for_start_date` date NOT NULL,
  `availability_for_end_date` date NOT NULL,
  `created_at` timestamp NULL DEFAULT NULL,
  `updated_at` timestamp NULL DEFAULT NULL,
  `status` tinyint(4) NOT NULL,
  `sunday` tinyint(4) NOT NULL DEFAULT 0,
  `monday` tinyint(4) NOT NULL DEFAULT 0,
  `tuesday` tinyint(4) NOT NULL DEFAULT 0,
  `wednesday` tinyint(4) NOT NULL DEFAULT 0,
  `thursday` tinyint(4) NOT NULL DEFAULT 0,
  `friday` tinyint(4) NOT NULL DEFAULT 0,
  `saturday` tinyint(4) NOT NULL DEFAULT 0
) ENGINE=InnoDB DEFAULT CHARSET=utf8mb4 COLLATE=utf8mb4_unicode_ci;

--
-- Dumping data for table `employees_avaibilities`
--

INSERT INTO `employees_avaibilities` (`id`, `employee_id`, `availability_for_start_date`, `availability_for_end_date`, `created_at`, `updated_at`, `status`, `sunday`, `monday`, `tuesday`, `wednesday`, `thursday`, `friday`, `saturday`) VALUES
(2, 1, '2021-05-01', '2021-05-12', '2021-05-24 14:27:53', '2021-05-24 14:27:53', 1, 1, 0, 1, 0, 0, 0, 0),
(3, 2, '2021-05-28', '2021-06-16', '2021-05-27 21:34:17', '2021-05-27 21:34:17', 1, 0, 1, 1, 0, 0, 0, 0);

-- --------------------------------------------------------

--
-- Table structure for table `employee_jobs`
--

CREATE TABLE `employee_jobs` (
  `job_id` bigint(20) UNSIGNED NOT NULL,
  `employee_id` bigint(20) UNSIGNED NOT NULL
) ENGINE=InnoDB DEFAULT CHARSET=utf8mb4 COLLATE=utf8mb4_unicode_ci;

--
-- Dumping data for table `employee_jobs`
--

INSERT INTO `employee_jobs` (`job_id`, `employee_id`) VALUES
(2, 1),
(2, 2),
(2, 3),
(3, 1),
(3, 2),
(8, 1),
(8, 2);

-- --------------------------------------------------------

--
-- Table structure for table `employee_timesheets`
--

CREATE TABLE `employee_timesheets` (
  `id` bigint(20) UNSIGNED NOT NULL,
  `employee_id` bigint(20) UNSIGNED NOT NULL,
  `job_id` bigint(20) UNSIGNED NOT NULL,
  `start_date_time` datetime DEFAULT NULL,
  `end_date_time` datetime DEFAULT NULL,
  `is_special_shift` tinyint(4) NOT NULL DEFAULT 1,
  `special_rate` varchar(255) COLLATE utf8mb4_unicode_ci NOT NULL DEFAULT '0',
  `created_at` timestamp NULL DEFAULT NULL,
  `updated_at` timestamp NULL DEFAULT NULL,
  `is_processed` tinyint(4) NOT NULL DEFAULT 0
) ENGINE=InnoDB DEFAULT CHARSET=utf8mb4 COLLATE=utf8mb4_unicode_ci;

--
-- Dumping data for table `employee_timesheets`
--

INSERT INTO `employee_timesheets` (`id`, `employee_id`, `job_id`, `start_date_time`, `end_date_time`, `is_special_shift`, `special_rate`, `created_at`, `updated_at`, `is_processed`) VALUES
(1, 2, 8, '2021-05-21 00:00:04', '2021-05-22 00:00:02', 0, '0', '2021-05-20 21:22:53', '2021-06-02 02:21:00', 1),
(2, 3, 2, '2021-05-21 00:00:04', '2021-05-23 03:00:00', 1, '20', '2021-06-02 01:43:33', '2021-06-02 03:04:13', 1);

-- --------------------------------------------------------

--
-- Table structure for table `failed_jobs`
--

CREATE TABLE `failed_jobs` (
  `id` bigint(20) UNSIGNED NOT NULL,
  `uuid` varchar(255) COLLATE utf8mb4_unicode_ci NOT NULL,
  `connection` text COLLATE utf8mb4_unicode_ci NOT NULL,
  `queue` text COLLATE utf8mb4_unicode_ci NOT NULL,
  `payload` longtext COLLATE utf8mb4_unicode_ci NOT NULL,
  `exception` longtext COLLATE utf8mb4_unicode_ci NOT NULL,
  `failed_at` timestamp NOT NULL DEFAULT current_timestamp()
) ENGINE=InnoDB DEFAULT CHARSET=utf8mb4 COLLATE=utf8mb4_unicode_ci;

-- --------------------------------------------------------

--
-- Table structure for table `invoices`
--

CREATE TABLE `invoices` (
  `id` bigint(20) UNSIGNED NOT NULL,
  `client_id` bigint(20) UNSIGNED NOT NULL,
  `job_id` bigint(20) UNSIGNED NOT NULL,
  `status` enum('pending','paid') COLLATE utf8mb4_unicode_ci NOT NULL,
  `description` text COLLATE utf8mb4_unicode_ci NOT NULL,
  `created_at` timestamp NULL DEFAULT NULL,
  `updated_at` timestamp NULL DEFAULT NULL,
  `amount` double(11,2) NOT NULL,
  `period_for_start_date` date NOT NULL,
  `period_for_end_date` date NOT NULL
) ENGINE=InnoDB DEFAULT CHARSET=utf8mb4 COLLATE=utf8mb4_unicode_ci;

--
-- Dumping data for table `invoices`
--

INSERT INTO `invoices` (`id`, `client_id`, `job_id`, `status`, `description`, `created_at`, `updated_at`, `amount`, `period_for_start_date`, `period_for_end_date`) VALUES
(1, 4, 8, 'paid', 'Invoice', '2021-05-31 16:08:17', '2021-06-01 13:39:12', 35.71, '2021-05-24', '2021-05-25'),
(2, 4, 8, 'paid', 'Invoice', '2021-05-31 16:09:23', '2021-06-01 13:40:12', 35.71, '2021-05-24', '2021-05-25'),
(3, 4, 8, 'paid', 'Invoice', '2021-05-31 16:09:33', '2021-06-01 13:40:15', 35.71, '2021-05-24', '2021-05-25'),
(4, 4, 8, 'paid', 'Invoice', '2021-05-31 16:15:32', '2021-06-01 13:40:19', 142.86, '2021-05-24', '2021-05-25'),
(5, 5, 9, 'paid', 'Invoice', '2021-05-31 16:15:37', '2021-06-01 13:41:05', 428.57, '2021-05-30', '2021-05-31'),
(6, 4, 8, 'paid', 'Invoice', '2021-05-31 16:22:23', '2021-05-31 16:28:31', 142.86, '2021-05-24', '2021-05-25'),
(7, 5, 9, 'paid', 'Invoice', '2021-05-31 16:22:28', '2021-05-31 16:24:20', 428.57, '2021-05-30', '2021-05-31'),
(8, 4, 8, 'paid', 'Invoice', '2021-05-31 16:30:48', '2021-06-01 13:45:29', 142.86, '2021-05-24', '2021-05-25'),
(9, 5, 9, 'paid', 'Invoice', '2021-05-31 16:30:53', '2021-06-01 13:43:14', 428.57, '2021-05-30', '2021-05-31'),
(10, 4, 8, 'pending', 'Invoice', '2021-06-02 00:24:09', '2021-06-02 00:24:09', 142.86, '2021-05-25', '2021-05-26'),
(11, 4, 8, 'pending', 'Invoice', '2021-06-02 00:24:55', '2021-06-02 00:24:55', 142.86, '2021-05-25', '2021-05-26'),
(12, 5, 9, 'paid', 'Invoice', '2021-06-02 00:24:59', '2021-06-02 00:25:23', 428.57, '2021-05-31', '2021-06-01');

-- --------------------------------------------------------

--
-- Table structure for table `jobs`
--

CREATE TABLE `jobs` (
  `id` bigint(20) UNSIGNED NOT NULL,
  `title` varchar(255) COLLATE utf8mb4_unicode_ci NOT NULL,
  `description` text COLLATE utf8mb4_unicode_ci NOT NULL,
  `start_date` datetime NOT NULL,
  `end_date` datetime DEFAULT NULL,
  `is_full_day_event` tinyint(4) NOT NULL DEFAULT 0,
  `recurring_end_date` datetime DEFAULT NULL,
  `is_recurring` tinyint(4) NOT NULL,
  `created_by` varchar(255) COLLATE utf8mb4_unicode_ci NOT NULL,
  `location` text COLLATE utf8mb4_unicode_ci NOT NULL,
  `note` text COLLATE utf8mb4_unicode_ci NOT NULL,
  `status` tinyint(4) NOT NULL,
  `duration` int(11) DEFAULT NULL,
  `rrule` text COLLATE utf8mb4_unicode_ci NOT NULL,
  `client_id` bigint(20) UNSIGNED NOT NULL,
  `no_of_employee` int(11) DEFAULT NULL,
  `paid_frequency` varchar(255) COLLATE utf8mb4_unicode_ci NOT NULL DEFAULT 'weekly',
  `base_rate` text COLLATE utf8mb4_unicode_ci NOT NULL,
  `created_at` timestamp NULL DEFAULT NULL,
  `updated_at` timestamp NULL DEFAULT NULL,
  `is_accepted` tinyint(4) NOT NULL DEFAULT 0
) ENGINE=InnoDB DEFAULT CHARSET=utf8mb4 COLLATE=utf8mb4_unicode_ci;

--
-- Dumping data for table `jobs`
--

INSERT INTO `jobs` (`id`, `title`, `description`, `start_date`, `end_date`, `is_full_day_event`, `recurring_end_date`, `is_recurring`, `created_by`, `location`, `note`, `status`, `duration`, `rrule`, `client_id`, `no_of_employee`, `paid_frequency`, `base_rate`, `created_at`, `updated_at`, `is_accepted`) VALUES
(1, 'ABC jobs', 'description', '2021-04-26 10:04:00', '2022-04-26 10:04:00', 0, NULL, 1, 'johnadam@gmail.com', 'nnn', 'yesy', 1, NULL, 'FREQ=MONTHLY;INTERVAL=2;BYSETPOS=-1;BYDAY=-1MO;UNTIL=20210430T235959', 3, 2, 'weekly', '10000', '2021-04-26 19:26:24', '2021-05-30 15:47:23', 1),
(2, 'ABC edited 1 jobs', 'description', '2021-04-26 10:04:00', '2022-04-06 10:04:00', 0, NULL, 1, 'admin@admin.com', 'george street', 'yesy', 1, NULL, 'FREQ=MONTHLY;INTERVAL=2;BYSETPOS=-1;BYDAY=-1MO;UNTIL=20210430T000000', 3, 2, 'weekly', '10000', '2021-04-26 19:31:21', '2021-05-31 01:42:42', 1),
(3, 'ABC jobs', 'description', '2021-04-26 10:04:00', '2022-04-06 10:04:00', 0, NULL, 1, 'admin@admin.com', 'george street', 'yesy', 1, NULL, 'FREQ=MONTHLY;INTERVAL=2;BYSETPOS=-1;BYDAY=-1MO;UNTIL=20210430T000000', 3, 2, 'weekly', '10000', '2021-04-26 19:36:33', '2021-05-31 01:43:09', 1),
(4, 'ABC jobs', 'description', '2021-04-26 10:04:00', '2022-04-06 10:04:00', 0, NULL, 1, 'admin@admin.com', 'george street', 'yesy', 1, NULL, 'FREQ=MONTHLY;INTERVAL=2;BYSETPOS=-1;BYDAY=-1MO;UNTIL=20210430T000000', 3, 2, 'weekly', '10000', '2021-04-26 19:38:24', '2021-05-31 14:59:57', 1),
(5, 'ABC jobs', 'description', '2021-04-26 10:04:00', '2022-04-06 10:04:00', 0, NULL, 1, 'admin@admin.com', 'george street', 'yesy', 1, NULL, 'FREQ=MONTHLY;INTERVAL=2;BYSETPOS=-1;BYDAY=-1MO;UNTIL=20210430T000000', 3, 2, 'weekly', '10000', '2021-04-26 19:51:56', '2021-04-26 19:51:56', 0),
(6, 'ABC jobs', 'description', '2021-04-26 10:04:00', '2022-04-06 10:04:00', 0, NULL, 1, 'admin@admin.com', 'george street', 'yesy', 1, NULL, 'RRULE:FREQ=MONTHLY;INTERVAL=2;BYSETPOS=-1;BYDAY=-1MO;UNTIL=20210430T000000', 3, 2, 'weekly', '10000', '2021-04-28 00:48:32', '2021-04-28 00:48:32', 0),
(7, 'ABC jobs', 'description', '2021-07-26 00:00:00', '2022-04-06 10:04:00', 0, NULL, 1, 'admin@admin.com', 'george street', 'yesy', 1, NULL, 'RRULE:FREQ=MONTHLY;INTERVAL=2;BYSETPOS=-1;BYDAY=-1MO;UNTIL=20210430T000000', 3, 2, 'weekly', '10000', '2021-04-29 21:45:08', '2021-04-29 21:45:08', 0),
(8, 'painter', 'jjj', '2021-05-03 09:11:57', '2022-02-15 00:00:00', 0, NULL, 1, 'johnadam@gmail.com', 'hshhs', 'jjjhh', 1, NULL, 'RRULE:FREQ=DAILY;INTERVAL=1', 4, 2, 'weekly', '1000', '2021-05-02 13:16:13', '2021-05-02 13:25:34', 1),
(9, 'test job', 'gdsg', '2021-05-03 09:34:47', '2022-03-03 00:00:00', 0, NULL, 1, 'johnadam@gmail.com', 'test location', 'gsgsg', 1, NULL, 'RRULE:FREQ=DAILY;INTERVAL=1', 5, 4, 'weekly', '3000', '2021-05-02 13:35:48', '2021-05-24 01:13:09', 1);

-- --------------------------------------------------------

--
-- Table structure for table `migrations`
--

CREATE TABLE `migrations` (
  `id` int(10) UNSIGNED NOT NULL,
  `migration` varchar(255) COLLATE utf8mb4_unicode_ci NOT NULL,
  `batch` int(11) NOT NULL
) ENGINE=InnoDB DEFAULT CHARSET=utf8mb4 COLLATE=utf8mb4_unicode_ci;

--
-- Dumping data for table `migrations`
--

INSERT INTO `migrations` (`id`, `migration`, `batch`) VALUES
(1, '2016_06_01_000001_create_oauth_auth_codes_table', 1),
(2, '2016_06_01_000002_create_oauth_access_tokens_table', 1),
(3, '2016_06_01_000003_create_oauth_refresh_tokens_table', 1),
(4, '2016_06_01_000004_create_oauth_clients_table', 1),
(5, '2016_06_01_000005_create_oauth_personal_access_clients_table', 1),
(6, '2021_04_07_051730_create_users_table', 1),
(7, '2021_04_07_051731_create_roles_table', 1),
(8, '2021_04_07_051732_create_role_user_table', 1),
(9, '2021_04_07_051735_create_password_resets_table', 1),
(10, '2021_04_07_051736_create_failed_jobs_table', 1),
(11, '2021_04_20_034800_create_clients_table', 2),
(12, '2021_04_20_043835_alter_clients_table_change_abn_type', 3),
(13, '2021_04_26_004651_create_jobs_table', 4),
(15, '2021_04_26_233824_alter_table_clients_add_email', 5),
(16, '2021_04_27_052454_alter_table_jobs_add_is_accepted', 6),
(17, '2021_04_27_064850_create_invoices_table', 7),
(18, '2021_05_03_235319_create_employees_table', 7),
(19, '2021_05_04_020328_create_employees__avaibilities_table', 8),
(20, '2021_05_09_113402_create_employee_timesheets_table', 9),
(21, '2021_05_19_105714_create_employee_jobs_table', 10),
(22, '2021_06_02_110318_create_payslips_table', 11);

-- --------------------------------------------------------

--
-- Table structure for table `oauth_access_tokens`
--

CREATE TABLE `oauth_access_tokens` (
  `id` varchar(100) COLLATE utf8mb4_unicode_ci NOT NULL,
  `user_id` bigint(20) UNSIGNED DEFAULT NULL,
  `client_id` bigint(20) UNSIGNED NOT NULL,
  `name` varchar(255) COLLATE utf8mb4_unicode_ci DEFAULT NULL,
  `scopes` text COLLATE utf8mb4_unicode_ci DEFAULT NULL,
  `revoked` tinyint(1) NOT NULL,
  `created_at` timestamp NULL DEFAULT NULL,
  `updated_at` timestamp NULL DEFAULT NULL,
  `expires_at` datetime DEFAULT NULL
) ENGINE=InnoDB DEFAULT CHARSET=utf8mb4 COLLATE=utf8mb4_unicode_ci;

--
-- Dumping data for table `oauth_access_tokens`
--

INSERT INTO `oauth_access_tokens` (`id`, `user_id`, `client_id`, `name`, `scopes`, `revoked`, `created_at`, `updated_at`, `expires_at`) VALUES
('0f84166ac737a406293d690cbc38ddda7a4f33624b5fb1c541c73d41d51108e5cdc78bba70a771e9', 2, 2, NULL, '[]', 0, '2021-05-02 13:32:45', '2021-05-02 13:32:45', '2022-05-02 23:32:45'),
('0fa5e8c5b6821a832d287f8fe4c3184c874f73a4662ceed09483ddb9dc4f6f016938344adda3042c', 1, 2, NULL, '[]', 0, '2021-04-18 16:17:12', '2021-04-18 16:17:12', '2022-04-19 02:17:12'),
('16f681119f15f75aa19101bbc489b7c3322c8e77bec646de4465f9970498a5326e66bd51978bb988', 1, 2, NULL, '[]', 0, '2021-04-18 16:00:56', '2021-04-18 16:00:56', '2022-04-19 02:00:56'),
('1a9ba8f519c48bb15828c553094b8fc6e8b98c7b6f7324c3b4e3a0182145282c2ee929ecd1670117', 1, 2, NULL, '[]', 0, '2021-04-18 15:57:26', '2021-04-18 15:57:26', '2022-04-19 01:57:26'),
('1ffa158b21b6941e545de31987abe1e2910986d59a52803a9c24cc0d4b7d39c8ef862d31f45a4944', 1, 2, NULL, '[]', 0, '2021-05-13 17:15:50', '2021-05-13 17:15:50', '2022-05-14 03:15:50'),
('223539de5dae958c3912bf2138edfc6b275b391554cdd6226baffa8d349aadd4897defef473bc437', 1, 2, NULL, '[]', 0, '2021-04-18 15:56:13', '2021-04-18 15:56:13', '2022-04-19 01:56:13'),
('232dae79d322841ff9396e16520a531597de77a83fbc95092b813d67b4bb29b2c489696db97b6e69', 1, 2, NULL, '[]', 0, '2021-05-01 13:57:32', '2021-05-01 13:57:32', '2022-05-01 23:57:32'),
('26b98c575e0d1e19329e8485d03fbdb3be3d7e3e6c74c96a63ca7beca65df5cc2d7f0bd269ff0c8f', 1, 2, NULL, '[]', 0, '2021-04-18 16:19:19', '2021-04-18 16:19:19', '2022-04-19 02:19:19'),
('27351c3fb37a19c1574c9c5dc08b794a1a83e0ac60617f00b1d3d712cc2af45ad2a680d48ff05ecc', 1, 2, NULL, '[]', 0, '2021-04-18 15:49:02', '2021-04-18 15:49:02', '2022-04-19 01:49:02'),
('28f0173123cf4727db96ab681500596a9c6d006a316c2ba55996f30d6623a3589368c8dddb3356b5', 1, 2, NULL, '[]', 0, '2021-04-18 16:22:40', '2021-04-18 16:22:40', '2022-04-19 02:22:40'),
('2a0301835ab74ac90456242b9ddf6512d47f71261d4d9db1abbc79b7a721579619fc7460e6009225', 1, 2, NULL, '[]', 0, '2021-05-31 15:52:48', '2021-05-31 15:52:48', '2022-06-01 01:52:48'),
('2dcfe767c5e7697aa1c9d803befd329f7af72c33271fb9b7d34737f1671f63169cb2ba75681cb654', 1, 2, NULL, '[]', 0, '2021-04-19 19:50:02', '2021-04-19 19:50:02', '2022-04-20 05:50:02'),
('2dfd79c08f3edac68f1158291d3a4f54c7b2c0783ccd4cc7a94bd6f02dc8b5274c6b63c5ea90e947', 1, 2, NULL, '[]', 0, '2021-04-18 15:55:23', '2021-04-18 15:55:23', '2022-04-19 01:55:23'),
('343ba4b9543fb733cd7864e7b6623a56970e60e6af9f2e9e8461d56e53576d13c9cd37587a03d203', 1, 2, NULL, '[]', 0, '2021-04-18 15:50:17', '2021-04-18 15:50:17', '2022-04-19 01:50:17'),
('3530c1fc82465f6a6d181f4ec0251e6b5f4a8aa61d849cb01e441e6b6bb83ed7ce919efbf2659076', 2, 2, NULL, '[]', 0, '2021-05-02 03:49:05', '2021-05-02 03:49:05', '2022-05-02 13:49:05'),
('37592d98c809a1735f90ae998c18db2bf9e38efa224a56639b19fe5ddc5c92c9019dbfdb8097d18b', 1, 2, NULL, '[]', 0, '2021-04-18 16:17:51', '2021-04-18 16:17:51', '2022-04-19 02:17:51'),
('38064bd8a191ccae9b20822c3bd80f3782e6c3bfb1463a0365f23586e45b275fb1772f2b3f9283f9', 1, 2, NULL, '[]', 0, '2021-04-18 16:15:42', '2021-04-18 16:15:42', '2022-04-19 02:15:42'),
('3ed3839d20eb89f970c3d811a67786e9f065388a59e6fce7ff27d18b3e03b5b5f8424d592286256c', 1, 2, NULL, '[]', 0, '2021-04-18 15:48:14', '2021-04-18 15:48:14', '2022-04-19 01:48:14'),
('43ff5e2312014dc421339ad6de480c6bb2e6bd56cea4458293f30cb7a2cb5b01437faa0e1ae6f2b9', 1, 2, NULL, '[]', 0, '2021-04-29 00:00:05', '2021-04-29 00:00:05', '2022-04-29 10:00:05'),
('45862e274869a1aa9d2b6cfd766058ff8096f0e6fcd6aa74faac484447e1cc78e0ed2e31e3853809', 1, 2, NULL, '[]', 0, '2021-05-13 21:39:28', '2021-05-13 21:39:28', '2022-05-14 07:39:28'),
('475367e7f14166a0c74c171fafefe236c488e058a7235d3808980b5773b2e9e28cb690478d28244f', 1, 2, NULL, '[]', 0, '2021-04-18 15:51:11', '2021-04-18 15:51:11', '2022-04-19 01:51:11'),
('4bd3dd6982a298d2d79cbaecb574af95d89e5d0793f69bef0c5485150b9e2876ee6c6817b631dbc8', 1, 2, NULL, '[]', 0, '2021-05-13 16:34:41', '2021-05-13 16:34:41', '2022-05-14 02:34:41'),
('53f0832f2d3b18a95fa741b83e96ef113d5686124b0a4c01c0488fef60b966ec04c87cf59eb9b399', 1, 2, NULL, '[]', 0, '2021-04-18 16:17:27', '2021-04-18 16:17:27', '2022-04-19 02:17:27'),
('54e0e7c42b789f4a08c87ab8573fb9275092999d762d98a2426a48a65bf0d063c92b4167bc37001a', 1, 2, NULL, '[]', 0, '2021-04-18 16:16:20', '2021-04-18 16:16:20', '2022-04-19 02:16:20'),
('5555fed37e07118e204b31eeea29b4b440fc15de1f30cb92bb00f750af214f96d807e8ea2ca54ae6', 1, 2, NULL, '[]', 0, '2021-04-18 16:18:11', '2021-04-18 16:18:11', '2022-04-19 02:18:11'),
('58b8a8b462e1bc3f46fbdd42b132e61217f4d49a1c329d94a0c7de19017bdbbbae7d140531c370d0', 1, 2, NULL, '[]', 0, '2021-04-18 15:57:15', '2021-04-18 15:57:15', '2022-04-19 01:57:15'),
('58c730ec046a671786203a96102948bcf2df53fd88c4098ba5c39dd9985ac06d2b11e4e088dcd3db', 1, 2, NULL, '[]', 0, '2021-04-26 02:01:18', '2021-04-26 02:01:18', '2022-04-26 12:01:18'),
('6047613801f7361df2ba01a441e654092f209e9e93db264bbe04c8845941f55a3c811bfb4e5292d3', 2, 2, NULL, '[]', 0, '2021-05-02 13:09:29', '2021-05-02 13:09:29', '2022-05-02 23:09:29'),
('64bd97c57652190ec4603c56f1023f6c11278ae4a111e8a2b5ddd8893583d226b60c77784c6b4077', 2, 2, NULL, '[]', 0, '2021-04-19 19:28:44', '2021-04-19 19:28:44', '2022-04-20 05:28:44'),
('669ba7fcf5e9d9e9214e05b6f02e5b114c433a95d6d08986fb6123532887d3e9080503b807c67893', 1, 2, NULL, '[]', 0, '2021-04-18 16:13:30', '2021-04-18 16:13:30', '2022-04-19 02:13:30'),
('675000a949d5b9e2e8fea4bd302dd14670fb8919314bfab8ce99a3ed7388e144fe9e80c162751c4f', 4, 2, NULL, '[]', 0, '2021-05-30 15:35:44', '2021-05-30 15:35:44', '2022-05-31 01:35:44'),
('6a7ed9f26759bfe06ae24084a15f2893d77026f2cd6f61b2c2a207f8d77e449ccc654dcedf5ea4b5', 1, 2, NULL, '[]', 0, '2021-04-18 15:50:03', '2021-04-18 15:50:03', '2022-04-19 01:50:03'),
('6c9428a359645b855e17e4e87f7f14b6837ae18cee40aacbd37123262ae907be829558a473b2df1c', 2, 2, NULL, '[]', 0, '2021-04-19 14:34:30', '2021-04-19 14:34:30', '2022-04-20 00:34:30'),
('73d04f7bddf1a8a2ce1be7a402f3e86b84a7219af5f9131d84345707f10b2a6e6378729f3ff7b04a', 2, 2, NULL, '[]', 0, '2021-04-18 16:32:27', '2021-04-18 16:32:27', '2022-04-19 02:32:27'),
('7487b249e7233511d00a5f8068bf2ee06c156fd70ff0867665adc2f09f3ffca09ca5fa785009dc94', 2, 2, NULL, '[]', 0, '2021-05-02 13:32:25', '2021-05-02 13:32:25', '2022-05-02 23:32:25'),
('7729f561fd3eb595c33fcf67b437723c22649eb1ec08be393f4f802112ac463ef9434ff2cac0b450', 1, 2, NULL, '[]', 0, '2021-04-18 16:14:30', '2021-04-18 16:14:30', '2022-04-19 02:14:30'),
('78f6201e3bac29dfc3a6a8c03cb1b0453cb500e9f706f8391174b84948eb5264a01a2e90820a6d03', 2, 2, NULL, '[]', 0, '2021-05-02 03:47:09', '2021-05-02 03:47:09', '2022-05-02 13:47:09'),
('7a9b70310331074be4bd07c53bc9865cde2fff258ce2570b785c9e1259665d8033b03508b2355f08', 1, 2, NULL, '[]', 0, '2021-04-18 16:15:00', '2021-04-18 16:15:00', '2022-04-19 02:15:00'),
('7cbcfd1913a85db78462fa76fee99d476d0474cb89f996434598fa621d61ceb133cce3a761b44170', 1, 2, NULL, '[]', 0, '2021-04-18 16:02:58', '2021-04-18 16:02:58', '2022-04-19 02:02:58'),
('84ef85755ce65759d001a1feff869d4eaa713e2ab8f04abd29751f36023d137c7b87ec7dde1840d3', 1, 2, NULL, '[]', 0, '2021-04-18 15:54:27', '2021-04-18 15:54:27', '2022-04-19 01:54:27'),
('8599ce819a5e66d58e4b2a760770507c501e7567931015fab90a7400531d02cf59b35262a6222272', 2, 2, NULL, '[]', 0, '2021-04-18 16:28:52', '2021-04-18 16:28:52', '2022-04-19 02:28:52'),
('85aff695aec84de8999e2ff386b77f72f2378f947b131281e0b53b62e1502dd5754c520b90cacb75', 2, 2, NULL, '[]', 0, '2021-05-02 13:57:57', '2021-05-02 13:57:57', '2022-05-02 23:57:57'),
('8fb794a34d4171574d9c6b1fbae8eade694d4ef892d2d9704d11d30447ff848a144acbbd879fe91b', 1, 2, NULL, '[]', 0, '2021-04-18 15:49:36', '2021-04-18 15:49:36', '2022-04-19 01:49:36'),
('91862c2522b429336320ebbc05b29459d10417782f62bb9dab5d9c7b088bd3680cfe8ea6fd290310', 1, 2, NULL, '[]', 0, '2021-04-18 16:16:30', '2021-04-18 16:16:30', '2022-04-19 02:16:30'),
('92cdbc6980ce6d12c8d394b9b72ced60645b158d456f6b98cf2ff739fb61a8a2e63ad8327f17da40', 1, 2, NULL, '[]', 0, '2021-05-20 21:03:09', '2021-05-20 21:03:09', '2022-05-21 07:03:09'),
('975a5e5d15af0002383ce249c866132df99e16f4e7446330d1d356d86a06034ae823f5825c3c51ac', 1, 2, NULL, '[]', 0, '2021-05-13 17:27:56', '2021-05-13 17:27:56', '2022-05-14 03:27:56'),
('97dfc0c36bb7a8e3525b06cc245885051064962e9dd7aa12649311559af95aba78861fbd036a83f5', 1, 2, NULL, '[]', 0, '2021-04-18 15:50:54', '2021-04-18 15:50:54', '2022-04-19 01:50:54'),
('991643010ee235c5c3b2382b2e6511635cc8087ebd50069aad28c7f4812c0af3b7afd1807ad9c5a6', 1, 2, NULL, '[]', 0, '2021-05-02 12:48:47', '2021-05-02 12:48:47', '2022-05-02 22:48:47'),
('995cfe93140647e07a00fde254d59b7aacdb4e3fe90cc392582c5f8090aae46269a113c830c61c47', 2, 2, NULL, '[]', 0, '2021-05-02 13:52:09', '2021-05-02 13:52:09', '2022-05-02 23:52:09'),
('9c91d0029106cd94a0ed10b35866da1a63d1155903da35b2765d81c593f200c489d18ee69d389e93', 1, 2, NULL, '[]', 0, '2021-06-02 00:47:44', '2021-06-02 00:47:44', '2022-06-02 10:47:44'),
('9e71051a8f24dcf587b924b94e431f642288132d053881701d53055718b7a0044a3647d967548120', 1, 2, NULL, '[]', 0, '2021-04-22 22:11:11', '2021-04-22 22:11:11', '2022-04-23 08:11:11'),
('9fff008d3ef077427b1e2602e2604176c5e3ae5b2ae5ccecf4623ed82e9f65399a5d237980d1d9fa', 1, 2, NULL, '[]', 0, '2021-04-18 15:57:37', '2021-04-18 15:57:37', '2022-04-19 01:57:37'),
('a0558e1d91c375464e9ec183ca714ca4527357a78f34b58f353bac4eeabc5dda1d93be908134c530', 1, 2, NULL, '[]', 0, '2021-04-18 15:55:51', '2021-04-18 15:55:51', '2022-04-19 01:55:51'),
('a098f4ed28d59741c32dcf47eb5774a8168d935e051ac303a18d2543bbea97046f684f5361417afe', 1, 2, NULL, '[]', 0, '2021-04-18 15:54:03', '2021-04-18 15:54:03', '2022-04-19 01:54:03'),
('a1e0bb2c8c4043d54bff95c3d98321dc888de6717e5b0f8c595aa68fe622dc19d91187357c0bd285', 1, 2, NULL, '[]', 0, '2021-04-18 16:15:33', '2021-04-18 16:15:33', '2022-04-19 02:15:33'),
('a32ebbaaaef6e7b6fb3e865e16a7867b42fafb536f352af4aec0c428d75f381252e11d5021ecdb73', 1, 2, NULL, '[]', 0, '2021-04-18 16:16:04', '2021-04-18 16:16:04', '2022-04-19 02:16:04'),
('a43a0424fafd064defaaf0b6ecc4defb1f0cb20f9cc243f3299b2846febcabf78bbe0b340cdb60fe', 1, 2, NULL, '[]', 0, '2021-05-09 13:29:20', '2021-05-09 13:29:20', '2022-05-09 23:29:20'),
('ab5d13d49c8331fcdbd6b6e3ec28b1c08e322a2c835a4e2e0051e422ca561a9f6a5e872ae861353a', 1, 2, NULL, '[]', 0, '2021-05-31 15:05:18', '2021-05-31 15:05:18', '2022-06-01 01:05:18'),
('b617e5ff7f70c6a3a73a9e9fb7d3afe4a579e2ee9e29a50b93355921de6a7c24c41ac7d7c5e348bc', 1, 2, NULL, '[]', 0, '2021-04-18 16:04:53', '2021-04-18 16:04:53', '2022-04-19 02:04:53'),
('baf9fdfabc7e262d862a81c0048320d847b01b379fee9c7d80dcab8813c0f410b7460dae3fcbc171', 1, 2, NULL, '[]', 0, '2021-04-18 15:59:00', '2021-04-18 15:59:00', '2022-04-19 01:59:00'),
('bd755e15f1ec93b79e561d171955dd867fab5c612f2c868fef433c8276329ec2118e79105a9d6c7e', 1, 2, NULL, '[]', 0, '2021-04-18 15:56:05', '2021-04-18 15:56:05', '2022-04-19 01:56:05'),
('bf7b031f210e2b143df615b42aecb5d9a32944a464b6d32ada2342fc1cea265bd36cb1531b9c3e0a', 1, 2, NULL, '[]', 0, '2021-04-18 15:54:50', '2021-04-18 15:54:50', '2022-04-19 01:54:50'),
('c16b3ac744c72c63f2349810dd5fffe0f4700bbf5084276c7d12219281f2ea8d7a98e4247f87e8af', 2, 2, NULL, '[]', 0, '2021-05-02 12:40:49', '2021-05-02 12:40:49', '2022-05-02 22:40:49'),
('c7834835665a63f4fef4deb060acc711c37d4e5506ab627f37e9f322449ee75f2dc07b3c8e5137ac', 2, 2, NULL, '[]', 0, '2021-04-19 14:50:42', '2021-04-19 14:50:42', '2022-04-20 00:50:42'),
('c8d5328f740f72ccdd57f011654ad83c4f911d16546780f0e644a7ed9afaef808085808698f0b34a', 1, 2, NULL, '[]', 0, '2021-04-18 16:00:45', '2021-04-18 16:00:45', '2022-04-19 02:00:45'),
('cc5ccb0c99f83ab373e5e0460dd80fe580d7415e222c2db348df7be6d144200fd53c03a0e1d72348', 1, 2, NULL, '[]', 0, '2021-04-18 16:06:10', '2021-04-18 16:06:10', '2022-04-19 02:06:10'),
('ce0216458309e6c565d986ea7b45686b6c12274db58a7ae4a68b3049169446b054465d1a4553c3d5', 1, 2, NULL, '[]', 0, '2021-05-03 15:05:08', '2021-05-03 15:05:08', '2022-05-04 01:05:08'),
('ce52795cbe991bb654e19985e7fc2a04b38c35920e9ea261a04212c981b229c2689a34fcd1993fa5', 1, 2, NULL, '[]', 0, '2021-04-18 15:59:17', '2021-04-18 15:59:17', '2022-04-19 01:59:17'),
('cf56928dacb8424093bfe53457a8b6b1542259408470bb67a1cdf2ef1a76ad9a8b0baa613e8913cf', 1, 2, NULL, '[]', 0, '2021-04-18 15:56:55', '2021-04-18 15:56:55', '2022-04-19 01:56:55'),
('d1e161a6573baf17f16952329e753c910476b5def6afa43b3ee85a579d3766e704394317115f2aca', 1, 2, NULL, '[]', 0, '2021-04-30 19:57:27', '2021-04-30 19:57:27', '2022-05-01 05:57:27'),
('da2c64f5403fd569fe898c8733e38883c504b37cfbcf010b74bb748964cb6f8cfd6e330b8ad78d42', 1, 2, NULL, '[]', 0, '2021-04-18 16:21:16', '2021-04-18 16:21:16', '2022-04-19 02:21:16'),
('df9bcf1bb3928967282ee889c9c9744ffb9f476af46f9010622217f16696791f398962bd47ce16cd', 1, 2, NULL, '[]', 0, '2021-04-18 15:52:38', '2021-04-18 15:52:38', '2022-04-19 01:52:38'),
('e01cc84e3e43acd2157ac3d6254baa8c8ef96b073a417599e01a0b2272f42f11ffd53efa027dca27', 1, 2, NULL, '[]', 0, '2021-04-18 16:12:59', '2021-04-18 16:12:59', '2022-04-19 02:12:59'),
('e5d6cdea4ee293ddcf77b72b5477e609900fe5f548d23f061d304b3961b10a5879e348135595beaa', 1, 2, NULL, '[]', 0, '2021-04-18 15:58:32', '2021-04-18 15:58:32', '2022-04-19 01:58:32'),
('e8d5344da7a2598c662412a41055b9cdf0e340184e6476aedc53ba35b641a25a22739c3259c314f7', 1, 2, NULL, '[]', 0, '2021-04-18 16:15:15', '2021-04-18 16:15:15', '2022-04-19 02:15:15'),
('e8f2dbc886827a2795e18fc0a877ff50f428d8fb029b5cccec40397d81b292b69605361fdb8d90af', 2, 2, NULL, '[]', 0, '2021-05-02 13:23:53', '2021-05-02 13:23:53', '2022-05-02 23:23:53'),
('eb1448a3a4928637ade8409c61cdda04192143cbf728a821e1cc706f94ba8de5a334820ee3b98f38', 1, 2, NULL, '[]', 0, '2021-04-18 16:01:06', '2021-04-18 16:01:06', '2022-04-19 02:01:06'),
('ed801ba930b148065b1fe58720b241ed97e3a93fa9f03f83b27d9a44677975f8b3571338e706a808', 1, 2, NULL, '[]', 0, '2021-04-18 15:48:34', '2021-04-18 15:48:34', '2022-04-19 01:48:34'),
('f32150baaffd21a0215710ed0f61a53eabf1f01aac7c594979efb5a6a1028f86b2f635250870efff', 1, 2, NULL, '[]', 0, '2021-04-18 16:18:27', '2021-04-18 16:18:27', '2022-04-19 02:18:27'),
('f4d241a1da48b2c7b6f495f96304ca14bd19839519b7548c20492b90e1aaf4cf5d64f3ea0265d66f', 2, 2, NULL, '[]', 0, '2021-04-19 19:11:40', '2021-04-19 19:11:40', '2022-04-20 05:11:40');

-- --------------------------------------------------------

--
-- Table structure for table `oauth_auth_codes`
--

CREATE TABLE `oauth_auth_codes` (
  `id` varchar(100) COLLATE utf8mb4_unicode_ci NOT NULL,
  `user_id` bigint(20) UNSIGNED NOT NULL,
  `client_id` bigint(20) UNSIGNED NOT NULL,
  `scopes` text COLLATE utf8mb4_unicode_ci DEFAULT NULL,
  `revoked` tinyint(1) NOT NULL,
  `expires_at` datetime DEFAULT NULL
) ENGINE=InnoDB DEFAULT CHARSET=utf8mb4 COLLATE=utf8mb4_unicode_ci;

-- --------------------------------------------------------

--
-- Table structure for table `oauth_clients`
--

CREATE TABLE `oauth_clients` (
  `id` bigint(20) UNSIGNED NOT NULL,
  `user_id` bigint(20) UNSIGNED DEFAULT NULL,
  `name` varchar(255) COLLATE utf8mb4_unicode_ci NOT NULL,
  `secret` varchar(100) COLLATE utf8mb4_unicode_ci DEFAULT NULL,
  `provider` varchar(255) COLLATE utf8mb4_unicode_ci DEFAULT NULL,
  `redirect` text COLLATE utf8mb4_unicode_ci NOT NULL,
  `personal_access_client` tinyint(1) NOT NULL,
  `password_client` tinyint(1) NOT NULL,
  `revoked` tinyint(1) NOT NULL,
  `created_at` timestamp NULL DEFAULT NULL,
  `updated_at` timestamp NULL DEFAULT NULL
) ENGINE=InnoDB DEFAULT CHARSET=utf8mb4 COLLATE=utf8mb4_unicode_ci;

--
-- Dumping data for table `oauth_clients`
--

INSERT INTO `oauth_clients` (`id`, `user_id`, `name`, `secret`, `provider`, `redirect`, `personal_access_client`, `password_client`, `revoked`, `created_at`, `updated_at`) VALUES
(1, NULL, 'Laravel Personal Access Client', '566zpx8oo5AySTFfAXA0615MVQsJMbxgIkIOaabu', NULL, 'http://localhost', 1, 0, 0, '2021-04-18 15:07:09', '2021-04-18 15:07:09'),
(2, NULL, 'Laravel Password Grant Client', 'EIGi6hHtQXk1vTqpcM8PZdlfO9pjwWSKRVlAMkLU', 'users', 'http://localhost', 0, 1, 0, '2021-04-18 15:07:09', '2021-04-18 15:07:09');

-- --------------------------------------------------------

--
-- Table structure for table `oauth_personal_access_clients`
--

CREATE TABLE `oauth_personal_access_clients` (
  `id` bigint(20) UNSIGNED NOT NULL,
  `client_id` bigint(20) UNSIGNED NOT NULL,
  `created_at` timestamp NULL DEFAULT NULL,
  `updated_at` timestamp NULL DEFAULT NULL
) ENGINE=InnoDB DEFAULT CHARSET=utf8mb4 COLLATE=utf8mb4_unicode_ci;

--
-- Dumping data for table `oauth_personal_access_clients`
--

INSERT INTO `oauth_personal_access_clients` (`id`, `client_id`, `created_at`, `updated_at`) VALUES
(1, 1, '2021-04-18 15:07:09', '2021-04-18 15:07:09');

-- --------------------------------------------------------

--
-- Table structure for table `oauth_refresh_tokens`
--

CREATE TABLE `oauth_refresh_tokens` (
  `id` varchar(100) COLLATE utf8mb4_unicode_ci NOT NULL,
  `access_token_id` varchar(100) COLLATE utf8mb4_unicode_ci NOT NULL,
  `revoked` tinyint(1) NOT NULL,
  `expires_at` datetime DEFAULT NULL
) ENGINE=InnoDB DEFAULT CHARSET=utf8mb4 COLLATE=utf8mb4_unicode_ci;

--
-- Dumping data for table `oauth_refresh_tokens`
--

INSERT INTO `oauth_refresh_tokens` (`id`, `access_token_id`, `revoked`, `expires_at`) VALUES
('01fb07bd7b06d291e066d79ab7838d5a660b3331fdb25b97204ab4ad87d7589583938ad40890a7c0', 'ab5d13d49c8331fcdbd6b6e3ec28b1c08e322a2c835a4e2e0051e422ca561a9f6a5e872ae861353a', 0, '2022-06-01 01:05:19'),
('029c36014c7e3e1e60dd32093d6088f75dc0644fbc56f0fa8537170b8f8e4b958b1dcf35f337a1f5', '85aff695aec84de8999e2ff386b77f72f2378f947b131281e0b53b62e1502dd5754c520b90cacb75', 0, '2022-05-02 23:57:57'),
('04a1ba20a8820e695443ae6317ab49147230ccd19ed3df882727c5fe147dd82c127d1207eb1ea546', 'a32ebbaaaef6e7b6fb3e865e16a7867b42fafb536f352af4aec0c428d75f381252e11d5021ecdb73', 0, '2022-04-19 02:16:04'),
('09a0e7deb08f32ee17c929f7040d0cb4388806a5c49bc3d898ebd34502092f1c28ad6b2d3f905d6d', '675000a949d5b9e2e8fea4bd302dd14670fb8919314bfab8ce99a3ed7388e144fe9e80c162751c4f', 0, '2022-05-31 01:35:45'),
('1413ad31ceb975d42d018d018a813d5f7b1df5540edddf0e935c4e3ef2066a7896ffae9712666e0a', '2dfd79c08f3edac68f1158291d3a4f54c7b2c0783ccd4cc7a94bd6f02dc8b5274c6b63c5ea90e947', 0, '2022-04-19 01:55:23'),
('157d976a56c43721d2a4382f7a66b6a0bb4b59ee5fe17112c1838096553594e061062497d1dca15d', '54e0e7c42b789f4a08c87ab8573fb9275092999d762d98a2426a48a65bf0d063c92b4167bc37001a', 0, '2022-04-19 02:16:20'),
('1d416b1caf7a5317b14af30ee9f846626c38397c84c272dc4727642326820ce65e7b62bb7c54f456', 'bf7b031f210e2b143df615b42aecb5d9a32944a464b6d32ada2342fc1cea265bd36cb1531b9c3e0a', 0, '2022-04-19 01:54:50'),
('1e98f2b4caaefe5454d8cd58dd387122da6491eef7830a06af6d62a4610d7e0ab4b95ef2c0918941', '3ed3839d20eb89f970c3d811a67786e9f065388a59e6fce7ff27d18b3e03b5b5f8424d592286256c', 0, '2022-04-19 01:48:14'),
('2229d140a686577227a2bb1608991418b39abad9652cde27268ddea59c804937c68614f23c019d0b', '223539de5dae958c3912bf2138edfc6b275b391554cdd6226baffa8d349aadd4897defef473bc437', 0, '2022-04-19 01:56:13'),
('22aeb0fc997710b17750b45f1bcdb9b8d2230afdb1bcea4b50b8cce5c740b26237a2693f3c7fad8a', '2a0301835ab74ac90456242b9ddf6512d47f71261d4d9db1abbc79b7a721579619fc7460e6009225', 0, '2022-06-01 01:52:48'),
('26bc675b38d30674b279866918c33e68cb64dba02162e20f19208472575e1ca865569c38160fa315', '232dae79d322841ff9396e16520a531597de77a83fbc95092b813d67b4bb29b2c489696db97b6e69', 0, '2022-05-01 23:57:32'),
('276aba54b0525f48d3b2e83bd506dd374e35ca031f303b0aa6816342492fd5218ab7d1f3bf978608', 'da2c64f5403fd569fe898c8733e38883c504b37cfbcf010b74bb748964cb6f8cfd6e330b8ad78d42', 0, '2022-04-19 02:21:16'),
('334461a4427a9b222e0a239dedcc1fba5f87bf4f9998f101ece7781c49de9166ab6f1ea6b47f4498', '0f84166ac737a406293d690cbc38ddda7a4f33624b5fb1c541c73d41d51108e5cdc78bba70a771e9', 0, '2022-05-02 23:32:45'),
('3566be0bf8e425f053526c917c5c1ff5fd1cbd58065974fd2da81f11c661ac037eec9ed63b1d3d0b', '73d04f7bddf1a8a2ce1be7a402f3e86b84a7219af5f9131d84345707f10b2a6e6378729f3ff7b04a', 0, '2022-04-19 02:32:27'),
('37ab467c40f97d8564d7061ff0c0bf7257c8eb0c9ecf1498dbdbe4e15061461bf38b1daf3c9f3309', '9c91d0029106cd94a0ed10b35866da1a63d1155903da35b2765d81c593f200c489d18ee69d389e93', 0, '2022-06-02 10:47:45'),
('38187eb75f396ac374762fd32f3f24e32c51306dc3c23080d164f7f5f3200109df4cc0e8b39d4d48', '2dcfe767c5e7697aa1c9d803befd329f7af72c33271fb9b7d34737f1671f63169cb2ba75681cb654', 0, '2022-04-20 05:50:02'),
('3a705c2fdffc6a80e35740ad4216ee74152ced1af21cdce88e1e782a3b1eedc17a0b6f05cda16bc9', '991643010ee235c5c3b2382b2e6511635cc8087ebd50069aad28c7f4812c0af3b7afd1807ad9c5a6', 0, '2022-05-02 22:48:47'),
('3be24fb600f211b90f82c53613011d26e008c537c59aa2e3717a89bf12441fb3191e5f9653d6e6c3', 'e8f2dbc886827a2795e18fc0a877ff50f428d8fb029b5cccec40397d81b292b69605361fdb8d90af', 0, '2022-05-02 23:23:54'),
('3f74bf7d6014ca9f1d0bde7ea1505a18dc8b9c92b0a4e4ee4a4c8b23174a97a46467c38388a13e46', 'd1e161a6573baf17f16952329e753c910476b5def6afa43b3ee85a579d3766e704394317115f2aca', 0, '2022-05-01 05:57:28'),
('3f9e9cf962051a5f6aab37d2bcfd3d6d8e9322362a6f592aa72562673ff06ef6ac3d1cc101d957cb', '28f0173123cf4727db96ab681500596a9c6d006a316c2ba55996f30d6623a3589368c8dddb3356b5', 0, '2022-04-19 02:22:40'),
('3fcd240be7b467bd9d004967646a4132207e2537cbd08798a62bbf26ac82a62a540c357a39ca1dff', '5555fed37e07118e204b31eeea29b4b440fc15de1f30cb92bb00f750af214f96d807e8ea2ca54ae6', 0, '2022-04-19 02:18:11'),
('41af882a3826eb65c6ef9ec3041699bd997d7db1bae375417a31fa151147c2e0416791b8d153624e', '91862c2522b429336320ebbc05b29459d10417782f62bb9dab5d9c7b088bd3680cfe8ea6fd290310', 0, '2022-04-19 02:16:30'),
('468c903efd47fa9f978cae0969c26d407579a5751fb7c8e77e5d1636fb4063dbe9a7aeaf6ae46b54', '27351c3fb37a19c1574c9c5dc08b794a1a83e0ac60617f00b1d3d712cc2af45ad2a680d48ff05ecc', 0, '2022-04-19 01:49:02'),
('46aa7c65bc7bd83bcf4812e343a8800e96bdd6b17d9978e29121c2b60cf75672d8baeeb0c365e9d3', '58c730ec046a671786203a96102948bcf2df53fd88c4098ba5c39dd9985ac06d2b11e4e088dcd3db', 0, '2022-04-26 12:01:18'),
('4a425d04e7c7a66af88ad585396645b412ecc9ed910bdda83a6b0be9f00b8772d50e5a4d4c67eb36', 'a0558e1d91c375464e9ec183ca714ca4527357a78f34b58f353bac4eeabc5dda1d93be908134c530', 0, '2022-04-19 01:55:51'),
('4b686f4d310fbd851acf4dca079a939c93b89e2df567191ae8d59c6d9384e3f02114c23670284473', 'a43a0424fafd064defaaf0b6ecc4defb1f0cb20f9cc243f3299b2846febcabf78bbe0b340cdb60fe', 0, '2022-05-09 23:29:20'),
('520d16debe1a09605a9487428b0d6ef73417ae04bfe94c8a81a37687923d0b4ded55338901d94d43', 'a1e0bb2c8c4043d54bff95c3d98321dc888de6717e5b0f8c595aa68fe622dc19d91187357c0bd285', 0, '2022-04-19 02:15:33'),
('564cb0613935496623d462af95ad1ade086c98034f8bcee41a5a7ffdf54f3cc6effe290bbb43e097', '995cfe93140647e07a00fde254d59b7aacdb4e3fe90cc392582c5f8090aae46269a113c830c61c47', 0, '2022-05-02 23:52:09'),
('56e4ae6da9bab663d6fb8834de418fc230a28571cb41d87f6d9eba536d324664a984bffa808c0411', '64bd97c57652190ec4603c56f1023f6c11278ae4a111e8a2b5ddd8893583d226b60c77784c6b4077', 0, '2022-04-20 05:28:44'),
('58558f82ce3a58bcdfa52703edd7367e39421e8b50e2bd5f3f4f2287f7a65f282e6106e69f0cf782', 'ed801ba930b148065b1fe58720b241ed97e3a93fa9f03f83b27d9a44677975f8b3571338e706a808', 0, '2022-04-19 01:48:34'),
('590aa2272b7657c640a86428b346c6598278525d5b557f9114dc85852d76bce0e49f111a180713a0', '7487b249e7233511d00a5f8068bf2ee06c156fd70ff0867665adc2f09f3ffca09ca5fa785009dc94', 0, '2022-05-02 23:32:26'),
('5b93d4c2cac64d3b2dfde757cd9a334d92bd0557194815864306ba29b56adcd99edd776608ae71ea', '37592d98c809a1735f90ae998c18db2bf9e38efa224a56639b19fe5ddc5c92c9019dbfdb8097d18b', 0, '2022-04-19 02:17:51'),
('5c22b220f1393e1b2c0aeeb98e817f98367d7609dcee4e3952910992619a27888b63b88d28e6509b', 'cc5ccb0c99f83ab373e5e0460dd80fe580d7415e222c2db348df7be6d144200fd53c03a0e1d72348', 0, '2022-04-19 02:06:10'),
('67f8fe25417b07c4d30c9677a5af1678bffa2c803792285495d8d1a63d0dfe5be62dc93f85d4c766', '26b98c575e0d1e19329e8485d03fbdb3be3d7e3e6c74c96a63ca7beca65df5cc2d7f0bd269ff0c8f', 0, '2022-04-19 02:19:19'),
('7027913fe1aa5d7f0a9a8b80653af9bef524768f0c3ccdd758325cb023bd5db7cc4dadff3f3962f5', '0fa5e8c5b6821a832d287f8fe4c3184c874f73a4662ceed09483ddb9dc4f6f016938344adda3042c', 0, '2022-04-19 02:17:12'),
('70d88c3c06e7ca5c2f3c257e07a5238e7706f14b5d73c6c080405c666b2df708eb646d88a01582ab', '53f0832f2d3b18a95fa741b83e96ef113d5686124b0a4c01c0488fef60b966ec04c87cf59eb9b399', 0, '2022-04-19 02:17:27'),
('766dcb5f868964dacfbc24ba834436852a57ac3c818e8de9883a6bf280f76f837f586e929f100634', '6a7ed9f26759bfe06ae24084a15f2893d77026f2cd6f61b2c2a207f8d77e449ccc654dcedf5ea4b5', 0, '2022-04-19 01:50:03'),
('7950483585b45924383bf644ca6c86e3e0da17e9e4b519b634aecf8eaa88f7994f73506265ef685e', '84ef85755ce65759d001a1feff869d4eaa713e2ab8f04abd29751f36023d137c7b87ec7dde1840d3', 0, '2022-04-19 01:54:27'),
('7fbbe15d0a3a4747d80a81f2ab37f8ea52d234c17e0f4eb3a4a88d40240f9575e8abd29b547f0ccb', 'cf56928dacb8424093bfe53457a8b6b1542259408470bb67a1cdf2ef1a76ad9a8b0baa613e8913cf', 0, '2022-04-19 01:56:55'),
('809a5a9b074b68d9a38b0345c25076b158a8f72db8144417f8a33f245066bddddd18193dfffdce9d', '6c9428a359645b855e17e4e87f7f14b6837ae18cee40aacbd37123262ae907be829558a473b2df1c', 0, '2022-04-20 00:34:31'),
('855840ce5d77cbac7d7b0125d6fe3267404bc52ad00253e5706d3605d66994bc77a676970e9f6fd8', 'bd755e15f1ec93b79e561d171955dd867fab5c612f2c868fef433c8276329ec2118e79105a9d6c7e', 0, '2022-04-19 01:56:05'),
('8cb3cfcffa4a0a8fd040844c450ae934804ca98c41db0b53daf6b64e4156dd11dccbb629c377886a', 'e5d6cdea4ee293ddcf77b72b5477e609900fe5f548d23f061d304b3961b10a5879e348135595beaa', 0, '2022-04-19 01:58:32'),
('8d54db913a2cd3e604640ad9c52119dd727be50370cface0d7c19954542d3f114973a8745c5db13b', '9fff008d3ef077427b1e2602e2604176c5e3ae5b2ae5ccecf4623ed82e9f65399a5d237980d1d9fa', 0, '2022-04-19 01:57:37'),
('8e581bcbf605c1549d030518707ef684073d7cef03a21f342a512731ee81956093edaad607b4535f', '43ff5e2312014dc421339ad6de480c6bb2e6bd56cea4458293f30cb7a2cb5b01437faa0e1ae6f2b9', 0, '2022-04-29 10:00:06'),
('8efd47edbede311c98ee9b468b1a54b17768827f932a9216ba12561fe711364f0430295adad16e9d', '92cdbc6980ce6d12c8d394b9b72ced60645b158d456f6b98cf2ff739fb61a8a2e63ad8327f17da40', 0, '2022-05-21 07:03:09'),
('90ccb8e069860fbc28f935c1bc88e46f1d30698f59cbc0cb10357e92e77ce73571bbaba132ac8223', '975a5e5d15af0002383ce249c866132df99e16f4e7446330d1d356d86a06034ae823f5825c3c51ac', 0, '2022-05-14 03:27:56'),
('9767594c81e0763271b693017da053cca5b7dbb4aef6a1304741805f2fb962d2406b414cf7cf76a3', 'ce52795cbe991bb654e19985e7fc2a04b38c35920e9ea261a04212c981b229c2689a34fcd1993fa5', 0, '2022-04-19 01:59:17'),
('9b436aa91bce4b0b188915c67a4cd59113d11ae2b5f749f2e6c1b550764a9ba0febd65856477adc2', '7729f561fd3eb595c33fcf67b437723c22649eb1ec08be393f4f802112ac463ef9434ff2cac0b450', 0, '2022-04-19 02:14:30'),
('9e8003ab88033489ccf1eeaf6b4db7de0240fc0e83b284d866f131d85965322dfeadcac0fd01c51f', '8fb794a34d4171574d9c6b1fbae8eade694d4ef892d2d9704d11d30447ff848a144acbbd879fe91b', 0, '2022-04-19 01:49:36'),
('9fe90405902b1c0f44b3de089698d6ee32d793dd46353194f02e99a7f418d9b48d2510c42070238b', 'c8d5328f740f72ccdd57f011654ad83c4f911d16546780f0e644a7ed9afaef808085808698f0b34a', 0, '2022-04-19 02:00:45'),
('a0a446a63f2316d0641cbeb781c3cad1b33aa50ac7ed368aac14507577d9a482b5b3d785310ff072', '3530c1fc82465f6a6d181f4ec0251e6b5f4a8aa61d849cb01e441e6b6bb83ed7ce919efbf2659076', 0, '2022-05-02 13:49:06'),
('ac33093049fbd3f51541c14c4dd438525799cca70219fad6f3466101457f4f748e9753f6c0d34834', '97dfc0c36bb7a8e3525b06cc245885051064962e9dd7aa12649311559af95aba78861fbd036a83f5', 0, '2022-04-19 01:50:54'),
('b47ffcba9bce07fbecb97a3ff76711e063efbe511053a4da96eb3f5aff5dc0fb385aa08fede1f037', '7a9b70310331074be4bd07c53bc9865cde2fff258ce2570b785c9e1259665d8033b03508b2355f08', 0, '2022-04-19 02:15:00'),
('b778025bc6839936942016d32d30795485904536a8aba66edc14ac7050b55ad989e0758558f429be', '7cbcfd1913a85db78462fa76fee99d476d0474cb89f996434598fa621d61ceb133cce3a761b44170', 0, '2022-04-19 02:02:58'),
('bb0615c7b06658eac09285f4654c3a421ea9b7509e86170c140b25d29e686e9b1d175a097db3e919', '45862e274869a1aa9d2b6cfd766058ff8096f0e6fcd6aa74faac484447e1cc78e0ed2e31e3853809', 0, '2022-05-14 07:39:28'),
('bb70023b8222933570eaf8f39eed63fe4ad0ceb5c63fdf8e69b0e405de697f23b7c0a95844aa6819', 'f4d241a1da48b2c7b6f495f96304ca14bd19839519b7548c20492b90e1aaf4cf5d64f3ea0265d66f', 0, '2022-04-20 05:11:40'),
('bb9d9397e5fb6429c19448ce56eedf5e436e06c6b788d00475b2bf0c87203384254f1d626dd987be', 'a098f4ed28d59741c32dcf47eb5774a8168d935e051ac303a18d2543bbea97046f684f5361417afe', 0, '2022-04-19 01:54:03'),
('bbfe87bae581c3622a1b39e2bfda3d401bf4c76af0b0574b47d77f92e48a839007754ad4b3ddfb81', '4bd3dd6982a298d2d79cbaecb574af95d89e5d0793f69bef0c5485150b9e2876ee6c6817b631dbc8', 0, '2022-05-14 02:34:42'),
('be4bc7d5f240e936c31b3e3d8866eb555dd70e96b0e62b6fa225cdb90dd32353c1cd45f1f7a5394d', 'ce0216458309e6c565d986ea7b45686b6c12274db58a7ae4a68b3049169446b054465d1a4553c3d5', 0, '2022-05-04 01:05:08'),
('be94f29880e74b265f50f60ba8634160c587001b70a94af850e3c250e339d0849f49eeb790358ee3', '6047613801f7361df2ba01a441e654092f209e9e93db264bbe04c8845941f55a3c811bfb4e5292d3', 0, '2022-05-02 23:09:29'),
('c3dbecf4a8077575e731b42b1edfa766e80322fe828378f12639d87b188c94c382dd57043e0854a0', 'e8d5344da7a2598c662412a41055b9cdf0e340184e6476aedc53ba35b641a25a22739c3259c314f7', 0, '2022-04-19 02:15:15'),
('c69caa4530623cc207fa0cff33dfc5d1d9d3189687308125239655123b2c72bcbb5f8e800aab711f', '78f6201e3bac29dfc3a6a8c03cb1b0453cb500e9f706f8391174b84948eb5264a01a2e90820a6d03', 0, '2022-05-02 13:47:09'),
('c877a08c0c7ac28b9a05eda36130e279c503b892622f15e645a0882f89927415787f794ec7aba43f', '16f681119f15f75aa19101bbc489b7c3322c8e77bec646de4465f9970498a5326e66bd51978bb988', 0, '2022-04-19 02:00:56'),
('c9a248429aa348a46a9cde42306869275c54241493727ddb4dbb6f2d2e7d35748eb4fccfe885a982', 'df9bcf1bb3928967282ee889c9c9744ffb9f476af46f9010622217f16696791f398962bd47ce16cd', 0, '2022-04-19 01:52:38'),
('cf04cd53e8b1d562ae68bd3e5319c5707744ac7172af440515f54ed86cd5901f715d0215e3f4b5c7', '8599ce819a5e66d58e4b2a760770507c501e7567931015fab90a7400531d02cf59b35262a6222272', 0, '2022-04-19 02:28:52'),
('d3ca5c0db43ee26c107dcdbd6e29164311976696cdf063157b609af9b1a829c2fb21db5a59d6b8a4', 'c16b3ac744c72c63f2349810dd5fffe0f4700bbf5084276c7d12219281f2ea8d7a98e4247f87e8af', 0, '2022-05-02 22:40:49'),
('d5e4f24ef648d705ea975b32f9cb65fa382022b18426b7dd6953f8cd46e847ba53321210dbefbe85', '58b8a8b462e1bc3f46fbdd42b132e61217f4d49a1c329d94a0c7de19017bdbbbae7d140531c370d0', 0, '2022-04-19 01:57:15'),
('d8ca77805cb6857e1ad8977683d82f993f65485f211a3a119fb11e84ccb3917670c5bbf678ab0b44', 'b617e5ff7f70c6a3a73a9e9fb7d3afe4a579e2ee9e29a50b93355921de6a7c24c41ac7d7c5e348bc', 0, '2022-04-19 02:04:53'),
('da5e76b1e9c4c112b51f2c9424c4f3fa80e42e88a70ab0699ea1d021e1a278272c3d22cadcdfc546', 'e01cc84e3e43acd2157ac3d6254baa8c8ef96b073a417599e01a0b2272f42f11ffd53efa027dca27', 0, '2022-04-19 02:12:59'),
('dacb9891a7701d5e69f71befa1b71f565ceca861bbe7c5066de81a7dcf7efc7b97a61f4d456cf0c6', '475367e7f14166a0c74c171fafefe236c488e058a7235d3808980b5773b2e9e28cb690478d28244f', 0, '2022-04-19 01:51:11'),
('e25fa927a7e05ce45d4d8759a6943874102a3bd745d98b56f8f065e93085d052fb5c96d15e5b47c6', '343ba4b9543fb733cd7864e7b6623a56970e60e6af9f2e9e8461d56e53576d13c9cd37587a03d203', 0, '2022-04-19 01:50:17'),
('e36d950352801e7c82922022996399a6ff930b59f38239c11f88d8149891fb58b016fddffb4e408a', '38064bd8a191ccae9b20822c3bd80f3782e6c3bfb1463a0365f23586e45b275fb1772f2b3f9283f9', 0, '2022-04-19 02:15:42'),
('e3d204ba82340214d41f2444c14f4104b3f3886f8c9135921fa4db78d15a0d058de8254261e86350', 'f32150baaffd21a0215710ed0f61a53eabf1f01aac7c594979efb5a6a1028f86b2f635250870efff', 0, '2022-04-19 02:18:28'),
('e47e266fcfb21c773709d26e2c900c2bede085bd52a8c88c080bbe29c1222a36489da4ca7dd09459', '1a9ba8f519c48bb15828c553094b8fc6e8b98c7b6f7324c3b4e3a0182145282c2ee929ecd1670117', 0, '2022-04-19 01:57:26'),
('e639a13786df5d7bfcfde7e9c890e259e6f452409416d62353749dc39fd810f2ac8b4eb2838e7c61', '1ffa158b21b6941e545de31987abe1e2910986d59a52803a9c24cc0d4b7d39c8ef862d31f45a4944', 0, '2022-05-14 03:15:51'),
('f4011f6cbb0f10d343f02614aa19d824e7b85864310e0cf7e3c589eaaba439fee3740234871ae285', 'baf9fdfabc7e262d862a81c0048320d847b01b379fee9c7d80dcab8813c0f410b7460dae3fcbc171', 0, '2022-04-19 01:59:00'),
('fb8b493d4c5655e595a2a082b320f5b630253ac6dfc719daedf5dec303549ab866c701c047c24680', '9e71051a8f24dcf587b924b94e431f642288132d053881701d53055718b7a0044a3647d967548120', 0, '2022-04-23 08:11:11'),
('fc30963f806597ac4f3f03f8879abc347c9a1267a93ac6b0e98f3b64bec72514abe964568614f7c2', 'eb1448a3a4928637ade8409c61cdda04192143cbf728a821e1cc706f94ba8de5a334820ee3b98f38', 0, '2022-04-19 02:01:06'),
('fdbbc26526f375eaf66981cb8892f23e29413cbc56abe51ca1f32a0adc7d320d1ae598e0eea1f87b', 'c7834835665a63f4fef4deb060acc711c37d4e5506ab627f37e9f322449ee75f2dc07b3c8e5137ac', 0, '2022-04-20 00:50:43'),
('ff65faf06ca1c908b3d1a4aba654bb20ccd5e4c5cccbe55c8639a93552f9a4408b1b12132f79fa80', '669ba7fcf5e9d9e9214e05b6f02e5b114c433a95d6d08986fb6123532887d3e9080503b807c67893', 0, '2022-04-19 02:13:30');

-- --------------------------------------------------------

--
-- Table structure for table `password_resets`
--

CREATE TABLE `password_resets` (
  `email` varchar(255) COLLATE utf8mb4_unicode_ci NOT NULL,
  `token` varchar(255) COLLATE utf8mb4_unicode_ci NOT NULL,
  `created_at` timestamp NULL DEFAULT NULL
) ENGINE=InnoDB DEFAULT CHARSET=utf8mb4 COLLATE=utf8mb4_unicode_ci;

-- --------------------------------------------------------

--
-- Table structure for table `payslips`
--

CREATE TABLE `payslips` (
  `id` bigint(20) UNSIGNED NOT NULL,
  `job_id` bigint(20) UNSIGNED NOT NULL,
  `employee_id` bigint(20) UNSIGNED NOT NULL,
  `status` enum('pending','paid') COLLATE utf8mb4_unicode_ci NOT NULL,
  `description` text COLLATE utf8mb4_unicode_ci NOT NULL,
  `amount` int(11) NOT NULL,
  `period_for_start_date` date NOT NULL,
  `period_for_end_date` date NOT NULL,
  `created_at` timestamp NULL DEFAULT NULL,
  `updated_at` timestamp NULL DEFAULT NULL
) ENGINE=InnoDB DEFAULT CHARSET=utf8mb4 COLLATE=utf8mb4_unicode_ci;

--
-- Dumping data for table `payslips`
--

INSERT INTO `payslips` (`id`, `job_id`, `employee_id`, `status`, `description`, `amount`, `period_for_start_date`, `period_for_end_date`, `created_at`, `updated_at`) VALUES
(1, 8, 2, 'pending', 'Payslip', 690, '2021-05-21', '2021-05-22', '2021-06-02 02:21:00', '2021-06-02 03:01:25'),
(3, 2, 3, 'pending', 'Payslip', 1000, '2021-05-21', '2021-05-23', '2021-06-02 03:04:14', '2021-06-02 03:05:23');

-- --------------------------------------------------------

--
-- Table structure for table `roles`
--

CREATE TABLE `roles` (
  `id` bigint(20) UNSIGNED NOT NULL,
  `name` varchar(255) COLLATE utf8mb4_unicode_ci NOT NULL,
  `display_name` varchar(255) COLLATE utf8mb4_unicode_ci DEFAULT NULL,
  `description` varchar(255) COLLATE utf8mb4_unicode_ci DEFAULT NULL,
  `created_at` timestamp NULL DEFAULT NULL,
  `updated_at` timestamp NULL DEFAULT NULL
) ENGINE=InnoDB DEFAULT CHARSET=utf8mb4 COLLATE=utf8mb4_unicode_ci;

--
-- Dumping data for table `roles`
--

INSERT INTO `roles` (`id`, `name`, `display_name`, `description`, `created_at`, `updated_at`) VALUES
(1, 'admin', 'Admin', 'Admin description', NULL, '2021-05-30 14:56:34'),
(2, 'service-supervisor', 'Service Supervisor', NULL, NULL, NULL),
(3, 'staff-manager', 'Staff Manager', NULL, NULL, NULL),
(4, 'payroll-officer', 'Payroll Officer', NULL, NULL, NULL),
(13, 'tester', 'Tester', 'this is', '2021-05-30 14:49:11', '2021-05-30 14:49:11');

-- --------------------------------------------------------

--
-- Table structure for table `role_user`
--

CREATE TABLE `role_user` (
  `user_id` bigint(20) UNSIGNED NOT NULL,
  `role_id` bigint(20) UNSIGNED NOT NULL
) ENGINE=InnoDB DEFAULT CHARSET=utf8mb4 COLLATE=utf8mb4_unicode_ci;

--
-- Dumping data for table `role_user`
--

INSERT INTO `role_user` (`user_id`, `role_id`) VALUES
(1, 1),
(2, 2),
(3, 3),
(4, 4),
(5, 4),
(7, 4),
(8, 4),
(10, 4);

-- --------------------------------------------------------

--
-- Table structure for table `users`
--

CREATE TABLE `users` (
  `id` bigint(20) UNSIGNED NOT NULL,
  `name` varchar(255) COLLATE utf8mb4_unicode_ci NOT NULL,
  `address` varchar(255) COLLATE utf8mb4_unicode_ci NOT NULL,
  `email` varchar(255) COLLATE utf8mb4_unicode_ci NOT NULL,
  `email_verified_at` timestamp NULL DEFAULT NULL,
  `password` varchar(255) COLLATE utf8mb4_unicode_ci NOT NULL,
  `remember_token` varchar(100) COLLATE utf8mb4_unicode_ci DEFAULT NULL,
  `created_at` timestamp NULL DEFAULT NULL,
  `updated_at` timestamp NULL DEFAULT NULL
) ENGINE=InnoDB DEFAULT CHARSET=utf8mb4 COLLATE=utf8mb4_unicode_ci;

--
-- Dumping data for table `users`
--

INSERT INTO `users` (`id`, `name`, `address`, `email`, `email_verified_at`, `password`, `remember_token`, `created_at`, `updated_at`) VALUES
(1, 'Admin 123', 'assa', 'admin@admin.com', NULL, '$2y$10$y8Y6dttsmpEGlvDGwpLN1Odin1EgpM.OIHbgRhHE8n8dqu8ewMxIK', NULL, NULL, '2021-05-31 15:33:25'),
(2, 'John Adam', '11 Hornsby rd', 'johnadam@gmail.com', NULL, '$2y$12$cHY47WK3Umo2wEoZLg/kNO0WfjW9vW8jN7wpYSXwM4rRZ.5BZCT2S', NULL, NULL, NULL),
(3, 'Staff Manager 1', 'Hornsby', 'staffmanager1@gmail.com', NULL, '$2y$12$cHY47WK3Umo2wEoZLg/kNO0WfjW9vW8jN7wpYSXwM4rRZ.5BZCT2S', NULL, NULL, NULL),
(4, 'test 123', 'sas', 'test@gmail.com', NULL, '$2y$10$7rPXGOAxRiBLuOZM353IPegveGrtgWPO9M//Lj3ZTieOZthd6geha', NULL, '2021-05-30 14:06:28', '2021-05-30 15:34:46'),
(5, 'test 123', 'sas', 'test1@gmail.com', NULL, '$2y$10$rzA21GCmS2XvIVSsjoEjdOvR1W3W59onsJMgD1j/GBUh9YIpsODFK', NULL, '2021-05-30 14:14:32', '2021-05-30 14:14:32'),
(7, 'test 123', 'sas', 'test11@gmail.com', NULL, '$2y$10$RmXXLKEaiyuAYtVN99V2lOnfG.iGzclstqlo5u1tBDDD0nOrgNa46', NULL, '2021-05-30 14:17:40', '2021-05-30 14:17:40'),
(8, 'test 123', 'sas', 'test112@gmail.com', NULL, '$2y$10$C5KJ3dawYOyRQYIjDpqQzev.0P1lFlFB9CBB2cw96D2Q/2jGX2gNO', NULL, '2021-05-30 14:18:57', '2021-05-30 14:18:57'),
(10, 'test 123', 'sas', 'abc@gmail.com', NULL, '$2y$10$AwZCC0gCjaaO1nZRWDK1euiXFzbNjgPffzN8m6UqaLiDYmfhBqEPC', NULL, '2021-05-30 14:27:21', '2021-05-30 14:30:27');

--
-- Indexes for dumped tables
--

--
-- Indexes for table `clients`
--
ALTER TABLE `clients`
  ADD PRIMARY KEY (`id`);

--
-- Indexes for table `employees`
--
ALTER TABLE `employees`
  ADD PRIMARY KEY (`id`),
  ADD UNIQUE KEY `employees_email_unique` (`email`);

--
-- Indexes for table `employees_avaibilities`
--
ALTER TABLE `employees_avaibilities`
  ADD PRIMARY KEY (`id`),
  ADD KEY `employees_avaibilities_employee_id_foreign` (`employee_id`);

--
-- Indexes for table `employee_jobs`
--
ALTER TABLE `employee_jobs`
  ADD PRIMARY KEY (`job_id`,`employee_id`),
  ADD KEY `employee_jobs_employee_id_foreign` (`employee_id`);

--
-- Indexes for table `employee_timesheets`
--
ALTER TABLE `employee_timesheets`
  ADD PRIMARY KEY (`id`),
  ADD KEY `employee_timesheets_employee_id_foreign` (`employee_id`),
  ADD KEY `employee_timesheets_job_id_foreign` (`job_id`);

--
-- Indexes for table `failed_jobs`
--
ALTER TABLE `failed_jobs`
  ADD PRIMARY KEY (`id`),
  ADD UNIQUE KEY `failed_jobs_uuid_unique` (`uuid`);

--
-- Indexes for table `invoices`
--
ALTER TABLE `invoices`
  ADD PRIMARY KEY (`id`),
  ADD KEY `invoices_client_id_foreign` (`client_id`),
  ADD KEY `invoices_job_id_foreign` (`job_id`);

--
-- Indexes for table `jobs`
--
ALTER TABLE `jobs`
  ADD PRIMARY KEY (`id`),
  ADD KEY `jobs_client_id_foreign` (`client_id`);

--
-- Indexes for table `migrations`
--
ALTER TABLE `migrations`
  ADD PRIMARY KEY (`id`);

--
-- Indexes for table `oauth_access_tokens`
--
ALTER TABLE `oauth_access_tokens`
  ADD PRIMARY KEY (`id`),
  ADD KEY `oauth_access_tokens_user_id_index` (`user_id`);

--
-- Indexes for table `oauth_auth_codes`
--
ALTER TABLE `oauth_auth_codes`
  ADD PRIMARY KEY (`id`),
  ADD KEY `oauth_auth_codes_user_id_index` (`user_id`);

--
-- Indexes for table `oauth_clients`
--
ALTER TABLE `oauth_clients`
  ADD PRIMARY KEY (`id`),
  ADD KEY `oauth_clients_user_id_index` (`user_id`);

--
-- Indexes for table `oauth_personal_access_clients`
--
ALTER TABLE `oauth_personal_access_clients`
  ADD PRIMARY KEY (`id`);

--
-- Indexes for table `oauth_refresh_tokens`
--
ALTER TABLE `oauth_refresh_tokens`
  ADD PRIMARY KEY (`id`),
  ADD KEY `oauth_refresh_tokens_access_token_id_index` (`access_token_id`);

--
-- Indexes for table `password_resets`
--
ALTER TABLE `password_resets`
  ADD KEY `password_resets_email_index` (`email`);

--
-- Indexes for table `payslips`
--
ALTER TABLE `payslips`
  ADD PRIMARY KEY (`id`),
  ADD KEY `payslips_job_id_foreign` (`job_id`),
  ADD KEY `payslips_employee_id_foreign` (`employee_id`);

--
-- Indexes for table `roles`
--
ALTER TABLE `roles`
  ADD PRIMARY KEY (`id`),
  ADD UNIQUE KEY `roles_name_unique` (`name`);

--
-- Indexes for table `role_user`
--
ALTER TABLE `role_user`
  ADD PRIMARY KEY (`user_id`,`role_id`),
  ADD KEY `role_user_role_id_foreign` (`role_id`);

--
-- Indexes for table `users`
--
ALTER TABLE `users`
  ADD PRIMARY KEY (`id`),
  ADD UNIQUE KEY `users_email_unique` (`email`);

--
-- AUTO_INCREMENT for dumped tables
--

--
-- AUTO_INCREMENT for table `clients`
--
ALTER TABLE `clients`
  MODIFY `id` bigint(20) UNSIGNED NOT NULL AUTO_INCREMENT, AUTO_INCREMENT=6;

--
-- AUTO_INCREMENT for table `employees`
--
ALTER TABLE `employees`
  MODIFY `id` bigint(20) UNSIGNED NOT NULL AUTO_INCREMENT, AUTO_INCREMENT=4;

--
-- AUTO_INCREMENT for table `employees_avaibilities`
--
ALTER TABLE `employees_avaibilities`
  MODIFY `id` bigint(20) UNSIGNED NOT NULL AUTO_INCREMENT, AUTO_INCREMENT=4;

--
-- AUTO_INCREMENT for table `employee_timesheets`
--
ALTER TABLE `employee_timesheets`
  MODIFY `id` bigint(20) UNSIGNED NOT NULL AUTO_INCREMENT, AUTO_INCREMENT=3;

--
-- AUTO_INCREMENT for table `failed_jobs`
--
ALTER TABLE `failed_jobs`
  MODIFY `id` bigint(20) UNSIGNED NOT NULL AUTO_INCREMENT;

--
-- AUTO_INCREMENT for table `invoices`
--
ALTER TABLE `invoices`
  MODIFY `id` bigint(20) UNSIGNED NOT NULL AUTO_INCREMENT, AUTO_INCREMENT=13;

--
-- AUTO_INCREMENT for table `jobs`
--
ALTER TABLE `jobs`
  MODIFY `id` bigint(20) UNSIGNED NOT NULL AUTO_INCREMENT, AUTO_INCREMENT=10;

--
-- AUTO_INCREMENT for table `migrations`
--
ALTER TABLE `migrations`
  MODIFY `id` int(10) UNSIGNED NOT NULL AUTO_INCREMENT, AUTO_INCREMENT=23;

--
-- AUTO_INCREMENT for table `oauth_clients`
--
ALTER TABLE `oauth_clients`
  MODIFY `id` bigint(20) UNSIGNED NOT NULL AUTO_INCREMENT, AUTO_INCREMENT=3;

--
-- AUTO_INCREMENT for table `oauth_personal_access_clients`
--
ALTER TABLE `oauth_personal_access_clients`
  MODIFY `id` bigint(20) UNSIGNED NOT NULL AUTO_INCREMENT, AUTO_INCREMENT=2;

--
-- AUTO_INCREMENT for table `payslips`
--
ALTER TABLE `payslips`
  MODIFY `id` bigint(20) UNSIGNED NOT NULL AUTO_INCREMENT, AUTO_INCREMENT=4;

--
-- AUTO_INCREMENT for table `roles`
--
ALTER TABLE `roles`
  MODIFY `id` bigint(20) UNSIGNED NOT NULL AUTO_INCREMENT, AUTO_INCREMENT=14;

--
-- AUTO_INCREMENT for table `users`
--
ALTER TABLE `users`
  MODIFY `id` bigint(20) UNSIGNED NOT NULL AUTO_INCREMENT, AUTO_INCREMENT=11;

--
-- Constraints for dumped tables
--

--
-- Constraints for table `employees_avaibilities`
--
ALTER TABLE `employees_avaibilities`
  ADD CONSTRAINT `employees_avaibilities_employee_id_foreign` FOREIGN KEY (`employee_id`) REFERENCES `employees` (`id`);

--
-- Constraints for table `employee_jobs`
--
ALTER TABLE `employee_jobs`
  ADD CONSTRAINT `employee_jobs_employee_id_foreign` FOREIGN KEY (`employee_id`) REFERENCES `employees` (`id`) ON UPDATE CASCADE,
  ADD CONSTRAINT `employee_jobs_job_id_foreign` FOREIGN KEY (`job_id`) REFERENCES `jobs` (`id`) ON UPDATE CASCADE;

--
-- Constraints for table `employee_timesheets`
--
ALTER TABLE `employee_timesheets`
  ADD CONSTRAINT `employee_timesheets_employee_id_foreign` FOREIGN KEY (`employee_id`) REFERENCES `employees` (`id`),
  ADD CONSTRAINT `employee_timesheets_job_id_foreign` FOREIGN KEY (`job_id`) REFERENCES `jobs` (`id`);

--
-- Constraints for table `invoices`
--
ALTER TABLE `invoices`
  ADD CONSTRAINT `invoices_client_id_foreign` FOREIGN KEY (`client_id`) REFERENCES `clients` (`id`),
  ADD CONSTRAINT `invoices_job_id_foreign` FOREIGN KEY (`job_id`) REFERENCES `jobs` (`id`);

--
-- Constraints for table `jobs`
--
ALTER TABLE `jobs`
  ADD CONSTRAINT `jobs_client_id_foreign` FOREIGN KEY (`client_id`) REFERENCES `clients` (`id`) ON UPDATE CASCADE;

--
-- Constraints for table `payslips`
--
ALTER TABLE `payslips`
  ADD CONSTRAINT `payslips_employee_id_foreign` FOREIGN KEY (`employee_id`) REFERENCES `employees` (`id`),
  ADD CONSTRAINT `payslips_job_id_foreign` FOREIGN KEY (`job_id`) REFERENCES `jobs` (`id`);

--
-- Constraints for table `role_user`
--
ALTER TABLE `role_user`
  ADD CONSTRAINT `role_user_role_id_foreign` FOREIGN KEY (`role_id`) REFERENCES `roles` (`id`) ON DELETE CASCADE ON UPDATE CASCADE,
  ADD CONSTRAINT `role_user_user_id_foreign` FOREIGN KEY (`user_id`) REFERENCES `users` (`id`) ON DELETE CASCADE ON UPDATE CASCADE;
COMMIT;

/*!40101 SET CHARACTER_SET_CLIENT=@OLD_CHARACTER_SET_CLIENT */;
/*!40101 SET CHARACTER_SET_RESULTS=@OLD_CHARACTER_SET_RESULTS */;
/*!40101 SET COLLATION_CONNECTION=@OLD_COLLATION_CONNECTION */;
